Anchor Butter Salted Sticks 100G,100g,"Dairy, Cheese & Eggs",Butter & Margarine,Anchor,Butter,Salted Sticks,https://shop.doortodoortt.com/trincity/wp-content/uploads/2020/12/anchor-stick.jpg,,,,,,,,,,,,,,,,,
Anchor Butter Salted N 227G,227g,"Dairy, Cheese & Eggs",Butter & Margarine,Anchor,Butter,Salted,https://shop.doortodoortt.com/trincity/wp-content/uploads/2020/12/IMG_20210217_121712-250x250.jpg,,,,,,,,,,,,,,,,,
Café Barist Mocha Flavoured Capp...,1 ea,Beverages,Coffee & Tea,Café Barista,Cappuccino,,https://868online.com/grocery/wp-content/uploads/2021/06/CAFE-BARIST-MOCHA-FLAVOURED-CAPPUCINO-MIX-300x300.png,,,,,,,,,,,,,,,,,
Cafe Barista Cappuccino Box 7pks 175g,175g,Beverages,Coffee & Tea,Café Barista,Cappuccino,Box,https://i1.wp.com/belairstore.com/wp-content/uploads/2021/09/70192903452_.jpg?resize=300%2C300&ssl=1,,,,,,,,,,,,,,,,,
Cafe Barista Cappuccino Classic Box 7X25G,7x25g,Beverages,Coffee & Tea,Café Barista,Cappuccino,Classic Box,https://shop.doortodoortt.com/trincity/wp-content/uploads/2021/08/download-25.jpeg,,,,,,,,,,,,,,,,,
Cafe Barista Cappuccino Classic Sing 25G,25g,Beverages,Coffee & Tea,Café Barista,Cappuccino,Classic Sing,https://shop.doortodoortt.com/trincity/wp-content/uploads/2021/08/download-25.jpeg,,,,,,,,,,,,,,,,,
Cafe Barista Cappuccino French Vanilla – Tin 270G,270g,Beverages,Coffee & Tea,Café Barista,Cappuccino,Tin French Vanilla,https://shop.doortodoortt.com/trincity/wp-content/uploads/2020/12/photos2F1605102569592_image1605102572483-250x250.jpg,,,,,,,,,,,,,,,,,
Cafe Barista Cappuccino French Vanilla Box 7X25G,7x25g,Beverages,Coffee & Tea,Café Barista,Cappuccino,Box French Vanilla,https://shop.doortodoortt.com/trincity/wp-content/uploads/2021/08/index.jpeg,,,,,,,,,,,,,,,,,
Cafe Barista Cappuccino French Vanilla Sing 25G,25g,Beverages,Coffee & Tea,Café Barista,Cappuccino,Sing French Vanilla,https://shop.doortodoortt.com/trincity/wp-content/uploads/2021/08/index-1.jpeg,,,,,,,,,,,,,,,,,
Cafe Barista Cappuccino Hazelnut Sing 25G,25g,Beverages,Coffee & Tea,Café Barista,Cappuccino,Hazelnut,https://shop.doortodoortt.com/trincity/wp-content/uploads/2021/08/index-2.jpeg,,,,,,,,,,,,,,,,,
Cafe Barista Cappuccino Mocha Single 25G,25g,Beverages,Coffee & Tea,Café Barista,Cappuccino,Mocha Single,https://shop.doortodoortt.com/trincity/wp-content/uploads/2021/08/download-25.jpeg,,,,,,,,,,,,,,,,,
Anchor Cheddar Cheese 12 Slices,1 ea,"Dairy, Cheese & Eggs",Cheese,Anchor,Cheddar Cheese,12 Slices,https://i2.wp.com/belairstore.com/wp-content/uploads/2020/03/9415007014843_ui.jpg?resize=300%2C300&ssl=1,,,,,,,,,,,,,,,,,
Anchor Cheddar Cheese 200g,200g,"Dairy, Cheese & Eggs",Cheese,Anchor,Cheddar Cheese,,https://supermarket.foodbaskettt.com/wp-content/uploads/2022/03/Anchor-Cheddar-Cheese-200g-300x300.png,,,,,,,,,,,,,,,,,
Anchor Cheddar Cheese 250g,250g,"Dairy, Cheese & Eggs",Cheese,Anchor,Cheddar Cheese,,https://i0.wp.com/belairstore.com/wp-content/uploads/2020/10/9414832684979_.jpg?resize=300%2C300&ssl=1,,,,,,,,,,,,,,,,,
Anchor Cheddar Cheese 400g,400g,"Dairy, Cheese & Eggs",Cheese,Anchor,Cheddar Cheese,,https://supermarket.foodbaskettt.com/wp-content/uploads/2022/03/Anchor-Cheddar-Cheese-400g-300x300.png,,,,,,,,,,,,,,,,,
Anchor Cheddar Cheese 6 Slices,1 ea,"Dairy, Cheese & Eggs",Cheese,Anchor,Cheddar Cheese,6 Slices,https://i2.wp.com/belairstore.com/wp-content/uploads/2020/09/9415007014942.jpg?resize=300%2C300&ssl=1,,,,,,,,,,,,,,,,,
Anchor Cheddar Cheese Coloured 250G,250g,"Dairy, Cheese & Eggs",Cheese,Anchor,Cheddar Cheese,Coloured,https://shop.doortodoortt.com/trincity/wp-content/uploads/2020/12/IMG_20210217_162437-250x250.jpg,,,,,,,,,,,,,,,,,
Anchor Cheddar Cheese Iws 100G,100g,"Dairy, Cheese & Eggs",Cheese,Anchor,Cheddar Cheese,IWS,https://shop.doortodoortt.com/trincity/wp-content/uploads/2020/12/IMG_20210218_153441-250x250.jpg,,,,,,,,,,,,,,,,,
Anchor Cheddar Cheese Vege 500G,500g,"Dairy, Cheese & Eggs",Cheese,Anchor,Cheddar Cheese,Vege,https://shop.doortodoortt.com/trincity/wp-content/uploads/2020/12/ANCHOR-CHEDDAR-CHEESE-VEGE-500G.jpg,,,,,,,,,,,,,,,,,
Anchor Cheddar Cheese Vegetarian 1000G,1000g,"Dairy, Cheese & Eggs",Cheese,Anchor,Cheddar Cheese,Vegetarian,https://shop.doortodoortt.com/trincity/wp-content/uploads/2020/12/ANCHOR-CHEDDAR-CHEESE-VEGETARIAN-1000G.jpg,,,,,,,,,,,,,,,,,
Anchor Cheddar Cheese White 1000G,1000g,"Dairy, Cheese & Eggs",Cheese,Anchor,Cheddar Cheese,White,https://shop.doortodoortt.com/trincity/wp-content/uploads/2020/12/ANCHOR-CHEDDAR-CHEESE-WHITE-1000G.jpg,,,,,,,,,,,,,,,,,
Anchor Cheddar Cheese White 500G,500g,"Dairy, Cheese & Eggs",Cheese,Anchor,Cheddar Cheese,White,https://shop.doortodoortt.com/trincity/wp-content/uploads/2020/12/ANCHOR-CHEDDAR-CHEESE-WHITE-500G.jpg,,,,,,,,,,,,,,,,,
Anchor Cheddar Cheese Yellow 250g,250g,"Dairy, Cheese & Eggs",Cheese,Anchor,Cheddar Cheese,Yellow,https://supermarket.foodbaskettt.com/wp-content/uploads/2022/03/Anchor-Cheddar-Cheese-Yellow-250g-300x300.png,,,,,,,,,,,,,,,,,
"Anchor Cheddar Cheese, 1.04 kg / 2.2 lb",1.04 kg/ 2.2lb,"Dairy, Cheese & Eggs",Cheese,Anchor,Cheddar Cheese,,https://d1cft8rz0k7w99.cloudfront.net/n/c/4/5/f/c45f76ead3beb923cc0c4c1bab7679260d8a8e27_330117_01.jpg,,,,,,,,,,,,,,,,,
Arm & Hammer Deo Fresh 2.6Oz,2.6Oz,Health & Personal Care,Personal Care,Arm & Hammer,Deo Deod Deodorant,Fresh,https://i1.wp.com/belairstore.com/wp-content/uploads/2020/07/03320019724.jpg?resize=300%2C300&ssl=1,,,,,,,,,,,,,,,,,
Arm & Hammer Deod Clear Gel Fresh 113G,113g,Health & Personal Care,Personal Care,Arm & Hammer,Deo Deod Deodorant,Clear Gel Fresh,https://shop.doortodoortt.com/trincity/wp-content/uploads/2020/12/ARM-HAM-DEOD-CLEAR-GEL-FRESH-113G.jpg,,,,,,,,,,,,,,,,,
Arm & Hammer Deod Ultra Max Fresh 73G,73g,Health & Personal Care,Personal Care,Arm & Hammer,Deo Deod Deodorant,Ultra Max Fresh,https://shop.doortodoortt.com/trincity/wp-content/uploads/2020/12/ARM-HAMMER-DEOD-ULTRA-MAX-FRESH-73G.jpg,,,,,,,,,,,,,,,,,
Arm & Hammer Deod Ultra Max Sport 73G,73g,Health & Personal Care,Personal Care,Arm & Hammer,Deo Deod Deodorant,Ultra Max Sport,https://shop.doortodoortt.com/trincity/wp-content/uploads/2020/12/ARM-HAMMER-DEOD-ULTRA-MAX-SPORT-73G.jpg,,,,,,,,,,,,,,,,,
Arm & Hammer Deod W Solid Unscented 79G,79g,Health & Personal Care,Personal Care,Arm & Hammer,Deo Deod Deodorant,Solid Unscented,https://shop.doortodoortt.com/trincity/wp-content/uploads/2020/12/ARM-HAMMER-DEOD-W-SOLID-UNSCENTED-79G.jpg,,,,,,,,,,,,,,,,,
Arm & Hammer Deodorant Rosemary Lavender 2.5oz,2.5oz,Health & Personal Care,Personal Care,Arm & Hammer,Deo Deod Deodorant,Rosemary Lavender,https://i2.wp.com/belairstore.com/wp-content/uploads/2021/04/03320019793.jpg?resize=300%2C300&ssl=1,,,,,,,,,,,,,,,,,
Arrowhead Mills Organic Flaxseed 16oz,16oz,Pantry,Cereals & Grains,Arrowhead Mills,Flaxseed,,https://i0.wp.com/belairstore.com/wp-content/uploads/2020/03/07433347684_.jpg?resize=300%2C300&ssl=1,,,,,,,,,,,,,,,,,
Arrowhead Mills Organic Rye Flour 20oz,20oz,Pantry,"Rice, Pasta & Flour",Arrowhead Mills,Flour,Rye,https://i1.wp.com/belairstore.com/wp-content/uploads/2021/07/07433368429_.jpg?resize=300%2C300&ssl=1,,,,,,,,,,,,,,,,,
Arrowhead Mills Organic White Flour 22Oz,22oz,Pantry,"Rice, Pasta & Flour",Arrowhead Mills,Flour,White,https://shop.doortodoortt.com/trincity/wp-content/uploads/2020/12/ARROWHEAD-MILLS-ORGANIC-WHITE-FLOUR-22OZ-250x250.jpg,,,,,,,,,,,,,,,,,
Arrowhead Mills Organic White Flour 5Lb,5lb,Pantry,"Rice, Pasta & Flour",Arrowhead Mills,Flour,White,https://shop.doortodoortt.com/trincity/wp-content/uploads/2020/12/ARROWHEAD-MILLS-ORGANIC-WHITE-FLOUR-5LB.jpg,,,,,,,,,,,,,,,,,
Arrowhead Mills Organic Whole Wheat Flour 22oz,22oz,Pantry,"Rice, Pasta & Flour",Arrowhead Mills,Flour,Whole Wheat,https://i1.wp.com/belairstore.com/wp-content/uploads/2021/07/07433368424_.jpg?resize=300%2C300&ssl=1,,,,,,,,,,,,,,,,,
Arrowhead Mills Organic Wholewheat Flour 22Oz,22oz,Pantry,"Rice, Pasta & Flour",Arrowhead Mills,Flour,,https://shop.doortodoortt.com/trincity/wp-content/uploads/2020/12/ARROWHEAD-MILLS-ORGANIC-WHOLEWHEAT-FLOUR-22OZ.jpeg,,,,,,,,,,,,,,,,,
Amare Infused Water Kefir Blood Orange 12Oz,12OZ,Beverages,Still & Sparkling Water,Amare,Infused Water Kefir,Blood Orange,https://shop.doortodoortt.com/trincity/wp-content/uploads/2020/12/Screenshot_2020-09-07-AMARE-INFUSED-WATER-KEFIR-BLOOD-ORANGE-12OZ-Google-Search.png,,,,,,,,,,,,,,,,,
Amare Infused Water Kefir Ginger,1 ea,Beverages,Still & Sparkling Water,Amare,Infused Water Kefir,Ginger,https://shop.doortodoortt.com/trincity/wp-content/uploads/2020/12/IMG_20210219_133802-250x250.jpg,,,,,,,,,,,,,,,,,
Amare Infused Water Kefir Hibiscus 12Oz,12OZ,Beverages,Still & Sparkling Water,Amare,Infused Water Kefir,Hibiscus,https://shop.doortodoortt.com/trincity/wp-content/uploads/2020/12/AMARE-INFUSED-WATER-KEFIR-HIBISCUS-12OZ-1.jpg,,,,,,,,,,,,,,,,,
Amare Infused Water Kefir Lavender & Lemon 12Oz,12OZ,Beverages,Still & Sparkling Water,Amare,Infused Water Kefir,Lavender Lemon,https://shop.doortodoortt.com/trincity/wp-content/uploads/2020/12/AMARE-INFUSED-WATER-KEFIR-LAVENDER-LEMON-12OZ.jpg,,,,,,,,,,,,,,,,,
Amare Infused Water Kefir Tumeric,1 ea,Beverages,Still & Sparkling Water,Amare,Infused Water Kefir,Tumeric,https://shop.doortodoortt.com/trincity/wp-content/uploads/2020/12/AMARE-INFUSED-WATER-KEFIR-TUMERIC.jpg,,,,,,,,,,,,,,,,,
Amare Infused Water Kefir Very Berry 12Oz,12OZ,Beverages,Still & Sparkling Water,Amare,Infused Water Kefir,Very Berry,https://shop.doortodoortt.com/trincity/wp-content/uploads/2020/12/AMARE-INFUSED-WATER-KEFIR-VERY-BERRY-12OZ.jpg,,,,,,,,,,,,,,,,,
Amare Kombucha Tea Apple Rose 12Oz,12oz,Beverages,Coffee & Tea,Amare,Kombucha Tea,Apple Rose,https://shop.doortodoortt.com/trincity/wp-content/uploads/2020/12/AMARE-KOMBUCHA-TEA-APPLE-ROSE-12OZ-250x250.jpg,,,,,,,,,,,,,,,,,
Amare Kombucha Tea Citrus Burst 12Oz,12oz,Beverages,Coffee & Tea,Amare,Kombucha Tea,Citrus Burst,https://shop.doortodoortt.com/trincity/wp-content/uploads/2020/12/AMARE-KOMBUCHA-TEA-CITRUS-BURST-12OZ-250x250.jpg,,,,,,,,,,,,,,,,,
Amare Kombucha Tea Grapefruit 12Oz,12oz,Beverages,Coffee & Tea,Amare,Kombucha Tea,Grapefruitt,https://shop.doortodoortt.com/trincity/wp-content/uploads/2020/12/Screenshot_2020-09-07-AMARE-KOMBUCHA-TEA-GRAPEFRUIT-12OZ-Google-Search.png,,,,,,,,,,,,,,,,,
Amare Kombucha Tea Peach 12Oz,12oz,Beverages,Coffee & Tea,Amare,Kombucha Tea,Peach,https://shop.doortodoortt.com/trincity/wp-content/uploads/2020/12/AMARE-KOMBUCHA-TEA-PEACH-12OZ-250x250.jpg,,,,,,,,,,,,,,,,,
Amare Kombucha Tea Pomegranate 12Oz,12oz,Beverages,Coffee & Tea,Amare,Kombucha Tea,Pomegranate,https://shop.doortodoortt.com/trincity/wp-content/uploads/2020/12/Screenshot_2020-09-07-AMARE-KOMBUCHA-TEA-POMEGRANATE-12OZ-Google-Search.png,,,,,,,,,,,,,,,,,
Amare Kombucha Tea Strawberry 12Oz,12oz,Beverages,Coffee & Tea,Amare,Kombucha Tea,Strawberry,https://shop.doortodoortt.com/trincity/wp-content/uploads/2020/12/AMARE-KOMBUCHA-TEA-STRAWBERRY-12OZ-250x250.jpg,,,,,,,,,,,,,,,,,
Altoids Mints Peppermints 1.2Oz,1.2oz,Snacks,Candy & Chocolates,Altoids,Mints,Peppermints,https://shop.doortodoortt.com/trincity/wp-content/uploads/2020/12/ALTOIDS-MINTS-PEPPERMINTS-1.2OZ.jpg,,,,,,,,,,,,,,,,,
Altoids Mints Strawberry,1 ea,Snacks,Candy & Chocolate,Altoids,Mints,Strawberry,https://i0.wp.com/belairstore.com/wp-content/uploads/2021/09/02200000995_.jpg?resize=300%2C300&ssl=1,,,,,,,,,,,,,,,,,
Altoids Mints Wintergreen 1.2Oz,1.2oz,Snacks,Candy & Chocolates,Altoids,Mints,Wintergreen,https://shop.doortodoortt.com/trincity/wp-content/uploads/2020/12/ALTOIDS-MINTS-WINTERGREEN-1.2OZ.jpg,,,,,,,,,,,,,,,,,
